red_0,Episode Length,Solved
1.48734375,18,True
1.4866406250000002,19,True
1.48875,16,True
1.489453125,15,True
1.48875,16,True
1.489453125,15,True
1.48734375,18,True
1.455,64,True
1.489453125,15,True
1.4859375,20,True
